{"prev_co_authors": [-5812926.115444237, -5789412.417073235, -5777938.252136551, -5762941.787462324, -5739427.961308956, -5739847.775753975, -5830983.582015991, -6080691.129394531], "country_geocodes": [-5855277.758309786, -5855801.584162575, -5856383.881734459, -5857935.932341531, -5870487.501885176, -5884501.855597973, -6005247.905544281, -6213370.149719238], "affi_geocodes": [-5855152.90373798, -5855451.314433046, -5855824.575546674, -5856888.554069288, -5866107.956942916, -5876633.108981848, -5968448.536869049, -6127853.688293457], "citations": [-5855064.358795166, -5855064.358795166, -5855064.358795166, -5855064.358795166, -5855064.358795166, -5855064.358795166, -5855064.358795166, -5855064.358795166], "venue": [-5833878.8175037205, -5824815.060845733, -5823440.75430274, -5828053.241664171, -5892687.893756866, -5952163.150169373, -6258914.431213379, -6628997.75], "s2fieldsofstudy": [-5850440.026097361, -5851582.409231484, -5855162.241727352, -5866248.08648181, -5944594.562419891, -6010201.592170715, -6338962.989013672, -6730861.052734375], "schol_affiliations": [-5854632.692184795, -5854207.205244441, -5853962.447007686, -5853606.091751317, -5852830.921546596, -5852631.507629059, -5854821.512023628, -5872868.9095954895], "dblp_affiliations": [-5853331.659217478, -5851632.133923721, -5850659.547636675, -5849255.003096109, -5846350.915019244, -5845796.26836291, -5857294.303399563, -5930701.618144989], "countries": [-5850201.4566883445, -5846304.987575173, -5844737.8502333835, -5843997.579200566, -5859427.216429949, -5879873.5395030975, -6020351.259170532, -6219586.303833008], "schol_hindex": [-5849482.494827384, -5845917.875375584, -5845894.301225305, -5851011.831631541, -5924188.922703743, -6007329.122936249, -6576478.3400268555, -7371281.6953125]}