{"semantic_representation": [-4439.824002317902, -4457.432334856661, -4474.719328424428, -4516.605233382979, -4798.127768074017, -5062.197128469714, -6658.280051367707, -8759.863813294098], "gender": [-4428.733647428943, -4435.251625078743, -4446.051176916779, -4478.238909018205, -4735.218557950428, -4988.355200200247, -6547.739974898752, -8612.496767422184], "affiliations": [-4441.447620704586, -4471.893447467874, -4503.978781717946, -4582.084798951061, -5047.142213106388, -5415.854308050533, -7212.631916962331, -9331.319674812257], "transitions": [-3881.7457633997255, -3403.5979317816445, -3165.72090096566, -2874.872612290692, -2462.1993978871324, -2384.8999860530603, -2306.132391437888, -2297.6764540970325], "age": [-4429.460882288258, -4428.715990826953, -4429.412814816933, -4433.969086855747, -4497.030475185751, -4579.178959994145, -5406.341808557438, -7097.440564899938], "geo_coords": [-4432.464302013513, -4436.783518505696, -4441.8265347114, -4455.6694024849785, -4570.756170284484, -4699.661919683811, -5799.11857892765, -7697.619018330704]}